{"models": {"LIBERO": {"color": "#4C72B0", "n_features": 2048, "histograms": {"episode_coverage": {"counts": [4, 10, 64, 109, 154, 165, 121, 157, 121, 145, 99, 124, 94, 98, 85, 80, 75, 54, 54, 50, 33, 31, 21, 16, 6, 14, 5, 11, 12, 36], "bin_edges": [0.0, 0.033333, 0.066667, 0.1, 0.133333, 0.166667, 0.2, 0.233333, 0.266667, 0.3, 0.333333, 0.366667, 0.4, 0.433333, 0.466667, 0.5, 0.533333, 0.566667, 0.6, 0.633333, 0.666667, 0.7, 0.733333, 0.766667, 0.8, 0.833333, 0.866667, 0.9, 0.933333, 0.966667, 1.0], "mean": 0.3687, "median": 0.3266, "min": 0.0, "max": 1.0}, "mean_onset_count": {"counts": [5, 0, 0, 0, 0, 0, 0, 0, 0, 0, 0, 1221, 539, 119, 48, 31, 23, 14, 6, 8, 9, 4, 3, 2, 0, 5, 5, 2, 1, 3], "bin_edges": [0.0, 0.084622, 0.169243, 0.253865, 0.338487, 0.423108, 0.50773, 0.592351, 0.676973, 0.761595, 0.846216, 0.930838, 1.01546, 1.100081, 1.184703, 1.269324, 1.353946, 1.438568, 1.523189, 1.607811, 1.692433, 1.777054, 1.861676, 1.946297, 2.030919, 2.115541, 2.200162, 2.284784, 2.369406, 2.454027, 2.538649], "mean": 1.057, "median": 1.0, "min": 0.0, "max": 2.5386}, "mean_active_act_magnitude": {"counts": [4, 0, 1075, 747, 148, 32, 5, 4, 4, 0, 1, 2, 2, 0, 3, 1, 2, 5, 4, 2, 1, 1, 1, 1, 1, 1, 0, 0, 0, 1], "bin_edges": [0.0, 0.014058, 0.028116, 0.042175, 0.056233, 0.070291, 0.084349, 0.098407, 0.112465, 0.126524, 0.140582, 0.15464, 0.168698, 0.182756, 0.196815, 0.210873, 0.224931, 0.238989, 0.253047, 0.267105, 0.281164, 0.295222, 0.30928, 0.323338, 0.337396, 0.351455, 0.365513, 0.379571, 0.393629, 0.407687, 0.421745], "mean": 0.0467, "median": 0.0418, "min": 0.0, "max": 0.4217}, "mean_relative_run_length": {"counts": [5, 0, 3, 13, 59, 123, 197, 236, 255, 215, 193, 182, 152, 93, 64, 50, 43, 36, 25, 17, 16, 19, 11, 5, 14, 3, 2, 3, 7, 7], "bin_edges": [0.0, 0.033333, 0.066667, 0.1, 0.133333, 0.166667, 0.2, 0.233333, 0.266667, 0.3, 0.333333, 0.366667, 0.4, 0.433333, 0.466667, 0.5, 0.533333, 0.566667, 0.6, 0.633333, 0.666667, 0.7, 0.733333, 0.766667, 0.8, 0.833333, 0.866667, 0.9, 0.933333, 0.966667, 1.0], "mean": 0.3487, "median": 0.3205, "min": 0.0, "max": 1.0}}}, "DROID": {"color": "#DD8452", "n_features": 2048, "histograms": {"episode_coverage": {"counts": [72, 227, 281, 290, 245, 190, 155, 125, 85, 80, 46, 41, 32, 25, 28, 19, 16, 19, 9, 4, 10, 3, 1, 2, 7, 5, 5, 13, 9, 4], "bin_edges": [0.0, 0.03265, 0.0653, 0.09795, 0.1306, 0.16325, 0.1959, 0.22855, 0.2612, 0.29385, 0.3265, 0.35915, 0.3918, 0.42445, 0.4571, 0.48975, 0.5224, 0.55505, 0.5877, 0.62035, 0.653, 0.68565, 0.7183, 0.75095, 0.7836, 0.81625, 0.8489, 0.88155, 0.9142, 0.94685, 0.9795], "mean": 0.1978, "median": 0.151, "min": 0.0, "max": 0.9795}, "mean_onset_count": {"counts": [2, 0, 0, 0, 0, 0, 0, 0, 0, 1496, 287, 122, 47, 20, 20, 12, 13, 6, 15, 4, 0, 0, 0, 0, 1, 0, 0, 0, 1, 2], "bin_edges": [0.0, 0.111111, 0.222222, 0.333333, 0.444444, 0.555556, 0.666667, 0.777778, 0.888889, 1.0, 1.111111, 1.222222, 1.333333, 1.444444, 1.555556, 1.666667, 1.777778, 1.888889, 2.0, 2.111111, 2.222222, 2.333333, 2.444444, 2.555556, 2.666667, 2.777778, 2.888889, 3.0, 3.111111, 3.222222, 3.333333], "mean": 1.0972, "median": 1.0204, "min": 0.0, "max": 3.3333}, "mean_active_act_magnitude": {"counts": [2, 0, 0, 683, 991, 254, 59, 20, 3, 3, 1, 0, 2, 3, 4, 2, 1, 0, 3, 6, 1, 3, 2, 1, 2, 0, 1, 0, 0, 1], "bin_edges": [0.0, 0.009617, 0.019235, 0.028852, 0.038469, 0.048087, 0.057704, 0.067321, 0.076938, 0.086556, 0.096173, 0.10579, 0.115408, 0.125025, 0.134642, 0.14426, 0.153877, 0.163494, 0.173111, 0.182729, 0.192346, 0.201963, 0.211581, 0.221198, 0.230815, 0.240433, 0.25005, 0.259667, 0.269285, 0.278902, 0.288519], "mean": 0.0445, "median": 0.0408, "min": 0.0, "max": 0.2885}, "mean_relative_run_length": {"counts": [2, 0, 0, 0, 0, 0, 0, 3, 6, 6, 9, 28, 24, 26, 28, 25, 36, 40, 60, 64, 51, 72, 71, 86, 96, 121, 159, 161, 251, 623], "bin_edges": [0.0, 0.033333, 0.066667, 0.1, 0.133333, 0.166667, 0.2, 0.233333, 0.266667, 0.3, 0.333333, 0.366667, 0.4, 0.433333, 0.466667, 0.5, 0.533333, 0.566667, 0.6, 0.633333, 0.666667, 0.7, 0.733333, 0.766667, 0.8, 0.833333, 0.866667, 0.9, 0.933333, 0.966667, 1.0], "mean": 0.84, "median": 0.9024, "min": 0.0, "max": 1.0}}}, "OpenVLA": {"color": "#55A868", "n_features": 2048, "histograms": {"episode_coverage": {"counts": [405, 57, 86, 121, 133, 142, 148, 149, 104, 89, 70, 60, 65, 59, 48, 50, 34, 35, 36, 25, 24, 16, 15, 9, 5, 9, 7, 9, 7, 31], "bin_edges": [0.0, 0.033333, 0.066667, 0.1, 0.133333, 0.166667, 0.2, 0.233333, 0.266667, 0.3, 0.333333, 0.366667, 0.4, 0.433333, 0.466667, 0.5, 0.533333, 0.566667, 0.6, 0.633333, 0.666667, 0.7, 0.733333, 0.766667, 0.8, 0.833333, 0.866667, 0.9, 0.933333, 0.966667, 1.0], "mean": 0.2614, "median": 0.2173, "min": 0.0, "max": 1.0}, "mean_onset_count": {"counts": [557, 0, 0, 0, 0, 0, 0, 0, 0, 0, 1017, 281, 101, 52, 23, 13, 2, 0, 0, 1, 0, 0, 0, 0, 0, 0, 0, 0, 0, 1], "bin_edges": [0.0, 0.094977, 0.189954, 0.284932, 0.379909, 0.474886, 0.569863, 0.66484, 0.759817, 0.854795, 0.949772, 1.044749, 1.139726, 1.234703, 1.32968, 1.424658, 1.519635, 1.614612, 1.709589, 1.804566, 1.899543, 1.994521, 2.089498, 2.184475, 2.279452, 2.374429, 2.469406, 2.564384, 2.659361, 2.754338, 2.849315], "mean": 0.7666, "median": 1.0, "min": 0.0, "max": 2.8493}, "mean_active_act_magnitude": {"counts": [273, 24, 88, 57, 76, 77, 124, 200, 252, 272, 201, 151, 77, 60, 37, 30, 14, 7, 7, 5, 6, 1, 1, 2, 2, 2, 0, 0, 1, 1], "bin_edges": [0.0, 0.006246, 0.012492, 0.018738, 0.024985, 0.031231, 0.037477, 0.043723, 0.049969, 0.056215, 0.062461, 0.068708, 0.074954, 0.0812, 0.087446, 0.093692, 0.099938, 0.106185, 0.112431, 0.118677, 0.124923, 0.131169, 0.137415, 0.143661, 0.149908, 0.156154, 0.1624, 0.168646, 0.174892, 0.181138, 0.187384], "mean": 0.0483, "median": 0.0525, "min": 0.0, "max": 0.1874}, "mean_relative_run_length": {"counts": [557, 0, 12, 57, 74, 121, 137, 170, 179, 172, 161, 109, 102, 62, 55, 28, 12, 10, 10, 7, 3, 3, 3, 2, 1, 0, 0, 0, 0, 1], "bin_edges": [0.0, 0.021626, 0.043253, 0.064879, 0.086506, 0.108132, 0.129758, 0.151385, 0.173011, 0.194637, 0.216264, 0.23789, 0.259517, 0.281143, 0.302769, 0.324396, 0.346022, 0.367648, 0.389275, 0.410901, 0.432528, 0.454154, 0.47578, 0.497407, 0.519033, 0.540659, 0.562286, 0.583912, 0.605539, 0.627165, 0.648791], "mean": 0.1458, "median": 0.16, "min": 0.0, "max": 0.6488}}}}, "metrics": [{"column": "episode_coverage", "label": "Episode Coverage"}, {"column": "mean_onset_count", "label": "Mean Onset Count"}, {"column": "mean_active_act_magnitude", "label": "Mean Activation Magnitude"}, {"column": "mean_relative_run_length", "label": "Relative Run Length"}], "nbins": 30}